Batch No,Silhouette Score
0,0.0024942426618983363
1,0.002326871566773553
2,0.002829351422512067
3,0.003067145985443858
4,0.0031977744267106247
5,0.0031858188539138272
6,0.003329765395920546
7,0.003749788929638498
8,0.0029068335347306514
