Batch No,Silhouette Score,Accuracy
0,0.0017546055770743848,0.5016
1,0.0014559064766862192,0.5008
2,0.0026657429300228222,0.489
3,0.0029719387207310047,0.4994
4,0.001603417581790664,0.4998
5,0.0020301475919275933,0.5102
